13875_11351_187163_AACJHMJM5_I_15_MB_GTAGAGGA_TACTCCTT,Healthy implant
13875_11351_187164_AACJHMJM5_III_1_DB_CGAGGCTG_AGGCTTAG,Moderate implant
13875_11351_187165_AACJHMJM5_III_1_DL_GCTCATGA_ATTAGACG,Moderate implant
13875_11351_187166_AACJHMJM5_II_6_MB_AAGAGGCA_ATAGAGAG,Mucositis implant
13875_11351_187167_AACJHMJM5_7_24_ML_ATCTCAGG_CTCCTTAC,Stage 3 tooth
13875_11351_187168_AACJHMJM5_10_20_DB_ATGCGCAG_TATGCAGT,Healthy tooth
13875_11351_187169_AACJHMJM5_10_24_DB_TAGCGCTC_TACTCCTT,Healthy tooth
13875_11351_187170_AACJHMJM5_Ec_Lp_CTCTCTAC_TATGCAGT,Control E. coli and L. plantarum
13875_11351_187171_AACJHMJM5_I_14_ML_AGGCAGAA_TCTACTCT,Healthy implant
13875_11351_187172_AACJHMJM5_IV_1_MB_TCCTGAGC_CGGAGAGA,Severe implant
13875_11351_187173_AACJHMJM5_I_11_MB_GGACTCCT_CTAGTCGA,Healthy implant
13875_11351_187174_AACJHMJM5_2_31_MB_TAGGCATG_AGCTAGAA,Stage 3 tooth
13875_11351_187175_AACJHMJM5_7_13_ML_CTCTCTAC_CTTAATAG,Stage 3 tooth
13875_11351_187176_AACJHMJM5_3_14_ML_AAGAGGCA_ATAGCCTT,Stage 1 tooth
13875_11351_187177_AACJHMJM5_1_14_DB_GTAGAGGA_TAAGGCTC,Healthy tooth
13875_11351_187178_AACJHMJM5_IV_1_ML_ACTGAGCG_TCGCATAA,Severe implant
13875_11351_187179_AACJHMJM5_I_11_ML_CCTAAGAC_TCTACTCT,Healthy implant
13875_11351_187180_AACJHMJM5_Blank_CGTACTAG_CGGAGAGA,Control blank
13875_11351_187181_AACJHMJM5_II_6_ML_CGTACTAG_AGAGGATA,Mucositis implant
13875_11351_187182_AACJHMJM5_1_31_ML_CGATCAGT_AGCTAGAA,Healthy tooth
